"","gamma","test.statistic","df","p.value"
"1",0.765408598134855,118.924473873321,9998,0
"2",0.44056434575924,49.0709552068595,9998,0
"3",0.510568718249896,59.3737751866927,9998,0
"4",-0.757726526670277,-116.102205928844,9998,0
"5",0.961310166027967,348.938209742472,9998,0
"6",-0.632708070778512,-81.6958466782371,9998,0
